{
    "parameters": {
        "pKa": 6.2151112704627165,
        "tau_HA": 861.3225796951049,
        "tau_Aminus": 1524.8204403713555
    },
    "confidence_intervals": {
        "pKa": [
            6.158221074639544,
            6.272001466285889
        ],
        "tau_HA": [
            842.8801504225548,
            879.7650089676549
        ],
        "tau_Aminus": [
            1510.2442712836935,
            1539.3966094590176
        ]
    }
}